PassengerId,Survived,Pclass,Name,Sex,Age,SibSp,Parch,Ticket,Fare,Cabin,Embarked
1,1,2,"Lastname_1, Mrs. Firstname",female,,0,0,TKT15311,64.36,,Q
2,1,3,"Lastname_2, Mr. Firstname",male,51.8,0,0,TKT66886,23.81,D15,S
3,1,3,"Lastname_3, Mr. Firstname",male,35.7,0,2,TKT27159,26.51,,S
4,1,1,"Lastname_4, Mrs. Firstname",female,41.8,0,0,TKT42606,23.49,E90,S
5,0,3,"Lastname_5, Mr. Firstname",male,15.1,1,0,TKT72592,10.55,,S
6,1,1,"Lastname_6, Mr. Firstname",male,6.7,1,0,TKT99135,47.21,,C
7,1,2,"Lastname_7, Mrs. Firstname",female,43.5,0,0,TKT97054,114.09,,C
8,1,1,"Lastname_8, Mr. Firstname",male,54.7,1,0,TKT72623,26.51,,S
9,0,3,"Lastname_9, Mrs. Firstname",female,33.9,0,0,TKT40080,7.89,,S
10,1,1,"Lastname_10, Mr. Firstname",male,42.7,1,0,TKT71087,22.88,,S
11,1,3,"Lastname_11, Mrs. Firstname",female,33.4,0,0,TKT48623,11.45,,Q
12,0,3,"Lastname_12, Mr. Firstname",male,,0,3,TKT75733,8.87,,S
13,1,2,"Lastname_13, Mrs. Firstname",female,23.3,1,1,TKT94896,12.62,,S
14,0,2,"Lastname_14, Mr. Firstname",male,35.2,0,0,TKT87371,7.51,,S
15,1,2,"Lastname_15, Mrs. Firstname",female,30.6,0,0,TKT63351,38.57,D33,S
16,0,3,"Lastname_16, Mr. Firstname",male,,0,0,TKT96831,5.61,,S
17,0,3,"Lastname_17, Mr. Firstname",male,35.9,0,0,TKT49790,9.86,,C
18,0,3,"Lastname_18, Mr. Firstname",male,43.3,0,0,TKT43828,33.18,,S
19,0,3,"Lastname_19, Mr. Firstname",male,23.1,1,0,TKT45777,5.94,B46,S
20,0,2,"Lastname_20, Mr. Firstname",male,41.0,1,0,TKT99912,39.49,B50,C
21,0,3,"Lastname_21, Mr. Firstname",male,,1,0,TKT66661,27.67,,S
22,0,2,"Lastname_22, Mr. Firstname",male,19.7,0,0,TKT79678,56.3,,S
23,0,3,"Lastname_23, Mr. Firstname",male,10.7,0,0,TKT17805,5.0,,S
24,0,1,"Lastname_24, Mr. Firstname",male,1.0,0,0,TKT94664,34.25,,S
25,0,2,"Lastname_25, Mr. Firstname",male,25.6,0,0,TKT78385,46.12,,S
26,0,2,"Lastname_26, Mr. Firstname",male,20.9,0,0,TKT82369,36.86,,S
27,0,3,"Lastname_27, Mr. Firstname",male,36.7,1,0,TKT35351,7.41,,S
28,1,2,"Lastname_28, Mrs. Firstname",female,36.5,0,0,TKT48756,37.78,C36,S
29,1,3,"Lastname_29, Mrs. Firstname",female,29.4,1,0,TKT24397,85.44,,C
30,0,3,"Lastname_30, Mr. Firstname",male,31.4,0,0,TKT15486,101.86,,Q
31,0,1,"Lastname_31, Mr. Firstname",male,46.0,2,1,TKT99930,5.0,,S
32,1,1,"Lastname_32, Mr. Firstname",male,60.8,0,0,TKT64693,5.0,,C
33,0,3,"Lastname_33, Mr. Firstname",male,46.4,3,0,TKT25485,15.1,,S
34,0,3,"Lastname_34, Mr. Firstname",male,22.8,0,0,TKT33960,5.0,,S
35,0,3,"Lastname_35, Mr. Firstname",male,30.7,0,0,TKT78866,111.47,,S
36,0,3,"Lastname_36, Mr. Firstname",male,44.0,2,2,TKT37355,19.46,,S
37,0,2,"Lastname_37, Mr. Firstname",male,22.5,0,0,TKT75545,10.11,C82,S
38,0,3,"Lastname_38, Mrs. Firstname",female,,0,0,TKT96704,53.24,,C
39,0,3,"Lastname_39, Mr. Firstname",male,,1,1,TKT66397,261.52,,C
40,1,1,"Lastname_40, Mr. Firstname",male,21.0,0,1,TKT52944,45.27,,S
41,0,3,"Lastname_41, Mr. Firstname",male,,0,0,TKT16941,30.99,C64,S
42,0,3,"Lastname_42, Mr. Firstname",male,43.8,0,0,TKT29963,77.22,B5,C
43,1,1,"Lastname_43, Mr. Firstname",male,7.6,0,0,TKT93807,24.66,,S
44,1,3,"Lastname_44, Mrs. Firstname",female,,0,0,TKT61745,5.92,,S
45,1,1,"Lastname_45, Mr. Firstname",male,20.6,1,0,TKT10302,5.46,,C
46,0,2,"Lastname_46, Mr. Firstname",male,25.7,0,0,TKT98869,44.04,,C
47,0,3,"Lastname_47, Mr. Firstname",male,,0,0,TKT36734,12.7,,S
48,0,3,"Lastname_48, Mrs. Firstname",female,9.1,0,0,TKT13812,15.23,,S
49,0,3,"Lastname_49, Mr. Firstname",male,20.8,1,0,TKT48110,52.45,,S
50,0,3,"Lastname_50, Mr. Firstname",male,11.4,0,2,TKT16469,21.59,,S
51,1,3,"Lastname_51, Mrs. Firstname",female,39.0,1,1,TKT92180,5.0,,S
52,1,1,"Lastname_52, Mrs. Firstname",female,17.9,1,0,TKT93524,36.61,,S
53,1,3,"Lastname_53, Mrs. Firstname",female,35.1,0,0,TKT96740,43.24,,C
54,1,1,"Lastname_54, Mr. Firstname",male,20.9,1,0,TKT77728,28.4,,S
55,0,3,"Lastname_55, Mr. Firstname",male,42.6,0,2,TKT61356,31.62,D29,S
56,1,1,"Lastname_56, Mr. Firstname",male,31.1,1,0,TKT81895,27.0,,S
57,0,3,"Lastname_57, Mr. Firstname",male,14.9,1,0,TKT86325,29.2,,S
58,1,1,"Lastname_58, Mr. Firstname",male,72.9,0,2,TKT74644,5.0,,C
59,1,3,"Lastname_59, Mrs. Firstname",female,33.3,0,0,TKT29256,87.16,,Q
60,0,2,"Lastname_60, Mr. Firstname",male,13.2,0,0,TKT83509,43.63,,S
61,1,2,"Lastname_61, Mr. Firstname",male,24.8,0,0,TKT26241,6.21,E49,C
62,0,3,"Lastname_62, Mr. Firstname",male,53.9,0,0,TKT43719,5.0,,S
63,0,3,"Lastname_63, Mr. Firstname",male,,1,0,TKT22342,23.78,,C
64,0,3,"Lastname_64, Mr. Firstname",male,13.6,0,0,TKT86218,5.0,B8,S
65,0,3,"Lastname_65, Mr. Firstname",male,41.5,0,0,TKT57057,52.36,C37,S
66,1,1,"Lastname_66, Mr. Firstname",male,2.4,0,0,TKT86918,27.99,B69,S
67,1,2,"Lastname_67, Mr. Firstname",male,47.8,0,2,TKT38529,46.15,,Q
68,0,1,"Lastname_68, Mr. Firstname",male,1.0,0,0,TKT66133,5.0,,C
69,0,3,"Lastname_69, Mr. Firstname",male,6.1,0,1,TKT56828,7.4,,S
70,0,3,"Lastname_70, Mr. Firstname",male,37.7,0,0,TKT67492,23.41,D65,S
71,0,3,"Lastname_71, Mr. Firstname",male,33.0,2,0,TKT22112,98.59,,S
72,1,3,"Lastname_72, Mr. Firstname",male,36.0,1,0,TKT38145,5.0,,S
73,0,3,"Lastname_73, Mrs. Firstname",female,38.7,0,2,TKT61860,5.0,,S
74,0,3,"Lastname_74, Mrs. Firstname",female,6.9,3,2,TKT97833,33.29,A47,S
75,1,3,"Lastname_75, Mrs. Firstname",female,36.2,2,0,TKT45435,63.39,,S
76,1,1,"Lastname_76, Mr. Firstname",male,26.6,0,0,TKT89273,5.0,,S
77,0,3,"Lastname_77, Mr. Firstname",male,,0,0,TKT43039,86.3,,S
78,0,3,"Lastname_78, Mrs. Firstname",female,29.4,0,0,TKT50600,42.81,,S
79,1,2,"Lastname_79, Mrs. Firstname",female,15.9,1,0,TKT66979,28.42,C98,S
80,1,3,"Lastname_80, Mr. Firstname",male,25.7,0,0,TKT56600,15.51,B6,C
81,1,3,"Lastname_81, Mrs. Firstname",female,24.3,1,0,TKT93560,54.14,,S
82,1,2,"Lastname_82, Mr. Firstname",male,12.7,0,1,TKT90199,5.0,,S
83,0,3,"Lastname_83, Mr. Firstname",male,,1,3,TKT96231,5.0,E67,S
84,0,3,"Lastname_84, Mrs. Firstname",female,30.3,1,0,TKT59708,58.05,,S
85,0,3,"Lastname_85, Mr. Firstname",male,27.3,1,0,TKT44832,54.51,,S
86,0,1,"Lastname_86, Mr. Firstname",male,,1,0,TKT92197,10.66,A63,S
87,0,3,"Lastname_87, Mrs. Firstname",female,27.0,0,0,TKT97266,13.58,C14,Q
88,1,3,"Lastname_88, Mr. Firstname",male,,1,0,TKT91958,54.66,,S
89,0,3,"Lastname_89, Mrs. Firstname",female,41.8,0,0,TKT73416,64.81,,C
90,1,2,"Lastname_90, Mr. Firstname",male,22.5,1,0,TKT15776,7.15,,S
91,0,1,"Lastname_91, Mr. Firstname",male,,1,0,TKT61027,77.71,D25,S
92,0,2,"Lastname_92, Mr. Firstname",male,1.0,0,0,TKT93309,10.03,C81,S
93,1,3,"Lastname_93, Mrs. Firstname",female,47.3,1,0,TKT45488,44.25,D32,S
94,1,3,"Lastname_94, Mr. Firstname",male,40.5,0,0,TKT85897,13.82,,S
95,0,3,"Lastname_95, Mr. Firstname",male,,2,0,TKT56163,24.94,,C
96,0,3,"Lastname_96, Mr. Firstname",male,43.1,0,0,TKT36745,5.73,,S
97,0,2,"Lastname_97, Mr. Firstname",male,38.0,0,0,TKT26309,5.0,E59,S
98,1,1,"Lastname_98, Mr. Firstname",male,35.1,1,0,TKT90818,43.44,,C
99,0,3,"Lastname_99, Mr. Firstname",male,28.2,1,0,TKT37490,10.37,,S
100,0,3,"Lastname_100, Mr. Firstname",male,55.5,0,0,TKT45046,23.0,,S
101,0,2,"Lastname_101, Mr. Firstname",male,24.4,0,0,TKT86367,12.59,D47,S
102,0,3,"Lastname_102, Mr. Firstname",male,13.5,0,0,TKT19847,30.72,,S
103,1,3,"Lastname_103, Mr. Firstname",male,,0,0,TKT39856,24.24,,S
104,0,3,"Lastname_104, Mr. Firstname",male,,3,2,TKT89141,5.0,B39,S
105,0,1,"Lastname_105, Mr. Firstname",male,45.8,0,2,TKT98009,5.0,E47,S
106,1,1,"Lastname_106, Mr. Firstname",male,14.6,1,1,TKT88916,5.0,,S
107,0,3,"Lastname_107, Mr. Firstname",male,34.7,1,3,TKT14114,44.67,,S
108,1,3,"Lastname_108, Mrs. Firstname",female,13.6,0,1,TKT87714,5.0,,S
109,0,2,"Lastname_109, Mr. Firstname",male,20.4,0,0,TKT41348,35.3,,C
110,0,3,"Lastname_110, Mr. Firstname",male,,0,0,TKT79967,20.72,,S
111,1,3,"Lastname_111, Mrs. Firstname",female,,2,0,TKT64691,5.0,,S
112,1,3,"Lastname_112, Mr. Firstname",male,28.8,1,0,TKT34611,5.0,,S
113,0,2,"Lastname_113, Mr. Firstname",male,23.0,0,0,TKT85388,32.51,,S
114,0,3,"Lastname_114, Mrs. Firstname",female,46.4,0,0,TKT74174,42.13,B19,S
115,0,1,"Lastname_115, Mrs. Firstname",female,,0,0,TKT14358,7.39,,S
116,0,3,"Lastname_116, Mr. Firstname",male,2.3,1,0,TKT22323,151.66,,S
117,1,1,"Lastname_117, Mrs. Firstname",female,21.3,0,0,TKT83794,23.42,,S
118,1,3,"Lastname_118, Mr. Firstname",male,15.0,0,3,TKT52828,34.7,,S
119,0,3,"Lastname_119, Mrs. Firstname",female,25.0,1,0,TKT72711,11.45,C23,S
120,1,3,"Lastname_120, Mrs. Firstname",female,12.4,0,0,TKT94328,45.04,D98,S
121,1,1,"Lastname_121, Mrs. Firstname",female,3.1,0,0,TKT22329,23.2,,S
122,1,3,"Lastname_122, Mr. Firstname",male,37.1,0,0,TKT82909,5.0,,S
123,0,3,"Lastname_123, Mr. Firstname",male,26.4,2,0,TKT27347,29.83,,Q
124,1,1,"Lastname_124, Mrs. Firstname",female,32.6,2,0,TKT70545,11.96,,
125,1,3,"Lastname_125, Mr. Firstname",male,19.7,0,0,TKT33291,131.69,,C
126,1,3,"Lastname_126, Mr. Firstname",male,28.8,0,0,TKT36715,6.11,,C
127,0,3,"Lastname_127, Mr. Firstname",male,35.8,0,0,TKT66532,49.99,,S
128,0,1,"Lastname_128, Mr. Firstname",male,,0,0,TKT31223,33.24,,S
129,1,3,"Lastname_129, Mr. Firstname",male,25.2,0,0,TKT61431,34.4,,S
130,0,3,"Lastname_130, Mr. Firstname",male,44.6,1,0,TKT80476,30.46,,C
131,1,1,"Lastname_131, Mrs. Firstname",female,,0,0,TKT38138,15.69,,C
132,0,2,"Lastname_132, Mr. Firstname",male,38.0,0,0,TKT87360,5.0,,C
133,0,2,"Lastname_133, Mr. Firstname",male,43.7,0,0,TKT55000,5.0,,S
134,0,2,"Lastname_134, Mr. Firstname",male,28.9,0,2,TKT86272,8.81,C21,S
135,1,2,"Lastname_135, Mr. Firstname",male,11.7,1,0,TKT65731,6.37,,S
136,0,3,"Lastname_136, Mr. Firstname",male,38.5,1,0,TKT19496,25.0,,S
137,0,3,"Lastname_137, Mr. Firstname",male,26.1,1,3,TKT89578,5.0,,S
138,0,1,"Lastname_138, Mr. Firstname",male,29.4,0,0,TKT46751,45.8,,C
139,1,1,"Lastname_139, Mr. Firstname",male,17.9,1,0,TKT69664,15.9,,S
140,0,3,"Lastname_140, Mr. Firstname",male,1.0,0,0,TKT78926,26.38,,S
141,0,1,"Lastname_141, Mr. Firstname",male,45.9,1,0,TKT37386,18.57,,S
142,1,3,"Lastname_142, Mrs. Firstname",female,20.3,0,0,TKT18329,21.94,,S
143,0,2,"Lastname_143, Mr. Firstname",male,31.7,2,0,TKT36201,17.97,,S
144,1,1,"Lastname_144, Mrs. Firstname",female,4.1,0,0,TKT33252,46.41,,S
145,1,1,"Lastname_145, Mr. Firstname",male,15.5,1,0,TKT12643,10.16,B70,S
146,0,3,"Lastname_146, Mr. Firstname",male,16.8,0,1,TKT32669,5.0,C15,C
147,1,3,"Lastname_147, Mrs. Firstname",female,,0,0,TKT25352,114.42,,S
148,0,3,"Lastname_148, Mr. Firstname",male,11.5,0,1,TKT23140,41.06,,S
149,1,1,"Lastname_149, Mrs. Firstname",female,26.8,0,0,TKT73878,10.99,,Q
150,0,3,"Lastname_150, Mr. Firstname",male,27.6,1,0,TKT39118,5.0,D27,Q
151,1,3,"Lastname_151, Mr. Firstname",male,11.1,1,0,TKT61707,19.23,C51,S
152,0,3,"Lastname_152, Mr. Firstname",male,16.3,1,0,TKT21116,78.92,,S
153,0,3,"Lastname_153, Mr. Firstname",male,21.8,0,0,TKT41852,18.57,C12,C
154,0,3,"Lastname_154, Mrs. Firstname",female,22.2,0,1,TKT34217,17.85,,S
155,1,1,"Lastname_155, Mrs. Firstname",female,34.6,0,0,TKT22763,12.08,,S
156,0,3,"Lastname_156, Mr. Firstname",male,,0,0,TKT91557,17.44,,C
157,1,3,"Lastname_157, Mrs. Firstname",female,,1,0,TKT85330,,,Q
158,0,3,"Lastname_158, Mr. Firstname",male,39.4,0,0,TKT60290,11.59,D39,C
159,0,3,"Lastname_159, Mrs. Firstname",female,15.7,0,1,TKT44518,25.31,,S
160,1,1,"Lastname_160, Mrs. Firstname",female,31.9,1,0,TKT14493,58.53,,C
161,0,1,"Lastname_161, Mr. Firstname",male,,0,0,TKT24849,55.69,,C
162,0,3,"Lastname_162, Mr. Firstname",male,26.5,0,0,TKT60500,8.76,,Q
163,0,2,"Lastname_163, Mr. Firstname",male,54.7,0,1,TKT59678,5.0,,S
164,0,3,"Lastname_164, Mrs. Firstname",female,28.5,0,0,TKT18770,28.66,,S
165,1,3,"Lastname_165, Mrs. Firstname",female,51.1,0,0,TKT85868,9.39,,C
166,1,3,"Lastname_166, Mr. Firstname",male,38.6,0,0,TKT26724,28.6,,S
167,0,2,"Lastname_167, Mr. Firstname",male,22.3,1,0,TKT91554,54.56,,C
168,0,3,"Lastname_168, Mrs. Firstname",female,,0,0,TKT13321,68.46,,S
169,0,3,"Lastname_169, Mrs. Firstname",female,24.2,1,0,TKT46636,5.0,D76,S
170,0,3,"Lastname_170, Mr. Firstname",male,38.0,0,0,TKT43154,78.24,,S
171,1,3,"Lastname_171, Mr. Firstname",male,29.2,0,0,TKT20516,5.0,,S
172,0,3,"Lastname_172, Mr. Firstname",male,26.7,0,0,TKT92279,49.79,,S
173,0,3,"Lastname_173, Mr. Firstname",male,25.7,0,0,TKT27297,5.79,E65,Q
174,0,3,"Lastname_174, Mr. Firstname",male,,0,0,TKT93820,36.18,B56,Q
175,0,3,"Lastname_175, Mr. Firstname",male,,0,0,TKT12169,83.16,,C
176,0,1,"Lastname_176, Mrs. Firstname",female,35.8,1,0,TKT52261,56.09,,S
177,0,3,"Lastname_177, Mr. Firstname",male,54.8,1,0,TKT10138,11.52,,S
178,0,3,"Lastname_178, Mr. Firstname",male,62.1,0,0,TKT87988,31.49,C82,S
179,1,3,"Lastname_179, Mr. Firstname",male,36.3,0,0,TKT11207,29.25,,C
180,1,2,"Lastname_180, Mrs. Firstname",female,40.7,0,0,TKT61098,126.8,,S
181,1,3,"Lastname_181, Mr. Firstname",male,45.0,0,1,TKT12384,46.28,,Q
182,0,3,"Lastname_182, Mrs. Firstname",female,,1,0,TKT32313,22.86,,S
183,0,3,"Lastname_183, Mr. Firstname",male,22.0,0,1,TKT19764,149.16,B71,S
184,0,3,"Lastname_184, Mr. Firstname",male,44.4,1,0,TKT18605,46.49,,S
185,0,1,"Lastname_185, Mr. Firstname",male,60.3,1,0,TKT56092,5.0,,S
186,1,3,"Lastname_186, Mr. Firstname",male,41.1,0,0,TKT45596,5.29,,C
187,0,3,"Lastname_187, Mr. Firstname",male,17.3,0,0,TKT18244,28.21,,S
188,0,3,"Lastname_188, Mr. Firstname",male,34.6,0,1,TKT99678,10.13,,S
189,1,1,"Lastname_189, Mr. Firstname",male,39.9,1,0,TKT42402,20.13,,S
190,1,3,"Lastname_190, Mrs. Firstname",female,43.2,1,2,TKT54760,17.56,,S
191,1,3,"Lastname_191, Mr. Firstname",male,37.3,2,1,TKT27508,96.36,,C
192,0,3,"Lastname_192, Mr. Firstname",male,17.9,0,0,TKT36654,32.2,,C
193,0,3,"Lastname_193, Mr. Firstname",male,35.4,1,0,TKT57591,5.0,,S
194,0,3,"Lastname_194, Mr. Firstname",male,,0,0,TKT28199,55.47,,C
195,0,3,"Lastname_195, Mrs. Firstname",female,17.2,0,0,TKT87403,67.23,,S
196,0,3,"Lastname_196, Mr. Firstname",male,,1,1,TKT16155,5.0,,C
197,1,1,"Lastname_197, Mr. Firstname",male,32.1,0,2,TKT97265,48.92,,S
198,1,3,"Lastname_198, Mrs. Firstname",female,30.4,0,2,TKT48458,91.52,,Q
199,0,3,"Lastname_199, Mr. Firstname",male,13.2,0,2,TKT28990,5.73,,Q
200,0,1,"Lastname_200, Mrs. Firstname",female,16.1,2,0,TKT37076,8.37,A27,C
201,0,3,"Lastname_201, Mrs. Firstname",female,,0,0,TKT64110,63.83,,C
202,1,2,"Lastname_202, Mrs. Firstname",female,,2,3,TKT40873,39.8,,S
203,1,1,"Lastname_203, Mrs. Firstname",female,17.8,0,2,TKT31542,109.21,,S
204,0,3,"Lastname_204, Mrs. Firstname",female,48.8,1,0,TKT14967,57.74,D42,C
205,1,3,"Lastname_205, Mrs. Firstname",female,,0,0,TKT19171,5.0,C1,S
206,1,1,"Lastname_206, Mr. Firstname",male,,0,0,TKT25417,31.13,,S
207,0,3,"Lastname_207, Mrs. Firstname",female,18.0,0,0,TKT76668,8.15,,S
208,1,2,"Lastname_208, Mrs. Firstname",female,40.5,1,0,TKT92534,48.51,,S
209,1,1,"Lastname_209, Mr. Firstname",male,9.3,0,0,TKT37056,56.1,,C
210,1,3,"Lastname_210, Mr. Firstname",male,16.2,0,0,TKT95076,,,S
211,0,2,"Lastname_211, Mr. Firstname",male,47.4,0,0,TKT95731,12.59,,S
212,1,3,"Lastname_212, Mrs. Firstname",female,41.6,0,0,TKT79087,5.0,,S
213,1,1,"Lastname_213, Mr. Firstname",male,6.7,1,0,TKT99285,23.08,D88,S
214,1,3,"Lastname_214, Mrs. Firstname",female,41.2,1,0,TKT51520,52.65,,S
215,0,3,"Lastname_215, Mr. Firstname",male,29.6,0,1,TKT47564,42.43,C35,S
216,0,1,"Lastname_216, Mr. Firstname",male,39.4,1,0,TKT23794,24.9,,C
217,1,3,"Lastname_217, Mr. Firstname",male,32.4,0,0,TKT10112,54.24,C83,S
218,1,1,"Lastname_218, Mr. Firstname",male,,0,2,TKT91938,18.02,,C
219,0,3,"Lastname_219, Mr. Firstname",male,22.4,1,0,TKT35991,5.0,,S
220,1,1,"Lastname_220, Mr. Firstname",male,,3,0,TKT69778,16.54,,S
221,0,1,"Lastname_221, Mr. Firstname",male,16.3,2,0,TKT36990,5.0,,S
222,1,3,"Lastname_222, Mr. Firstname",male,15.1,0,0,TKT12642,19.17,,S
223,1,1,"Lastname_223, Mr. Firstname",male,26.6,1,0,TKT91132,16.78,D9,S
224,1,3,"Lastname_224, Mrs. Firstname",female,33.7,0,0,TKT79212,43.46,,Q
225,0,3,"Lastname_225, Mr. Firstname",male,58.2,0,0,TKT15039,54.58,,S
226,0,3,"Lastname_226, Mr. Firstname",male,37.5,0,0,TKT86162,28.91,B19,S
227,0,3,"Lastname_227, Mrs. Firstname",female,,0,2,TKT30025,28.1,A97,C
228,1,2,"Lastname_228, Mrs. Firstname",female,54.5,0,0,TKT38927,88.1,,C
229,0,2,"Lastname_229, Mr. Firstname",male,,0,2,TKT73059,5.0,,S
230,1,2,"Lastname_230, Mrs. Firstname",female,,2,0,TKT12591,25.79,,C
231,0,3,"Lastname_231, Mrs. Firstname",female,9.6,0,0,TKT86240,74.84,,S
232,1,2,"Lastname_232, Mr. Firstname",male,50.7,0,0,TKT96465,19.67,,S
233,1,3,"Lastname_233, Mrs. Firstname",female,35.1,0,0,TKT79166,68.29,,S
234,1,2,"Lastname_234, Mr. Firstname",male,3.0,2,0,TKT40049,26.05,,S
235,1,2,"Lastname_235, Mrs. Firstname",female,,0,0,TKT40009,13.16,,S
236,0,3,"Lastname_236, Mr. Firstname",male,,1,0,TKT52056,20.57,,S
237,1,3,"Lastname_237, Mrs. Firstname",female,34.9,0,1,TKT44872,19.21,,S
238,1,3,"Lastname_238, Mrs. Firstname",female,34.6,0,1,TKT12382,15.79,D57,Q
239,1,1,"Lastname_239, Mrs. Firstname",female,,1,0,TKT78842,39.24,,S
240,0,3,"Lastname_240, Mrs. Firstname",female,21.4,0,0,TKT68847,5.0,,S
241,0,3,"Lastname_241, Mr. Firstname",male,45.3,0,0,TKT76025,70.75,,S
242,0,3,"Lastname_242, Mr. Firstname",male,,0,0,TKT51609,10.11,,S
243,0,3,"Lastname_243, Mr. Firstname",male,32.9,1,0,TKT57788,50.91,,Q
244,0,3,"Lastname_244, Mr. Firstname",male,22.7,0,1,TKT32867,5.0,,Q
245,0,2,"Lastname_245, Mr. Firstname",male,,0,0,TKT60357,73.02,,S
246,1,3,"Lastname_246, Mrs. Firstname",female,7.0,1,2,TKT45618,51.72,C35,S
247,1,1,"Lastname_247, Mr. Firstname",male,34.5,0,0,TKT33993,5.0,,S
248,0,3,"Lastname_248, Mr. Firstname",male,50.5,0,0,TKT21094,149.62,,S
249,0,3,"Lastname_249, Mrs. Firstname",female,35.0,4,3,TKT56646,33.55,D14,S
250,0,3,"Lastname_250, Mr. Firstname",male,1.0,0,0,TKT26999,33.07,,C
251,0,3,"Lastname_251, Mr. Firstname",male,,0,1,TKT67433,30.11,,S
252,1,2,"Lastname_252, Mr. Firstname",male,36.6,0,2,TKT31119,28.0,,S
253,0,3,"Lastname_253, Mr. Firstname",male,41.8,3,0,TKT25160,15.06,A84,S
254,1,3,"Lastname_254, Mrs. Firstname",female,,0,0,TKT35338,118.49,B19,S
255,1,3,"Lastname_255, Mr. Firstname",male,5.0,0,0,TKT21349,8.47,,S
256,0,3,"Lastname_256, Mrs. Firstname",female,,3,0,TKT76983,5.0,,C
257,0,2,"Lastname_257, Mr. Firstname",male,27.4,0,0,TKT19486,10.6,,S
258,0,1,"Lastname_258, Mr. Firstname",male,44.7,1,2,TKT72790,5.0,,S
259,1,1,"Lastname_259, Mrs. Firstname",female,35.1,0,2,TKT98059,70.6,,S
260,0,3,"Lastname_260, Mr. Firstname",male,19.4,0,0,TKT73909,6.56,,S
261,1,3,"Lastname_261, Mr. Firstname",male,24.6,0,0,TKT86537,26.04,,S
262,1,3,"Lastname_262, Mr. Firstname",male,15.3,0,0,TKT78665,5.0,,S
263,1,1,"Lastname_263, Mrs. Firstname",female,31.8,1,0,TKT76406,5.0,,S
264,0,3,"Lastname_264, Mr. Firstname",male,38.0,0,0,TKT88388,46.06,,S
265,1,1,"Lastname_265, Mr. Firstname",male,1.0,0,0,TKT25549,19.07,,S
266,0,3,"Lastname_266, Mr. Firstname",male,,0,0,TKT23233,33.73,,S
267,1,2,"Lastname_267, Mrs. Firstname",female,17.6,0,0,TKT11051,12.92,,S
268,1,3,"Lastname_268, Mrs. Firstname",female,27.7,1,0,TKT81762,10.58,,S
269,0,2,"Lastname_269, Mr. Firstname",male,28.1,0,1,TKT98535,87.71,B27,S
270,0,2,"Lastname_270, Mr. Firstname",male,18.1,0,0,TKT29738,5.0,,S
271,0,1,"Lastname_271, Mr. Firstname",male,38.9,0,1,TKT39523,72.29,,C
272,0,3,"Lastname_272, Mr. Firstname",male,13.5,0,0,TKT45440,21.72,,S
273,0,1,"Lastname_273, Mr. Firstname",male,,1,0,TKT65161,38.49,,S
274,1,3,"Lastname_274, Mr. Firstname",male,,3,0,TKT14006,5.0,,S
275,1,1,"Lastname_275, Mr. Firstname",male,34.5,3,0,TKT96567,111.92,,S
276,0,3,"Lastname_276, Mr. Firstname",male,,1,2,TKT69993,43.75,,S
277,1,1,"Lastname_277, Mrs. Firstname",female,39.8,0,0,TKT23269,27.49,,S
278,1,1,"Lastname_278, Mr. Firstname",male,26.2,2,0,TKT39227,9.2,B17,Q
279,1,1,"Lastname_279, Mr. Firstname",male,,0,0,TKT71381,16.52,,C
280,1,3,"Lastname_280, Mrs. Firstname",female,,0,0,TKT38807,5.46,,S
281,0,3,"Lastname_281, Mrs. Firstname",female,33.0,0,0,TKT20589,24.25,,S
282,1,3,"Lastname_282, Mrs. Firstname",female,39.7,0,2,TKT88270,9.26,,S
283,1,2,"Lastname_283, Mr. Firstname",male,51.6,0,1,TKT72993,93.85,,C
284,1,1,"Lastname_284, Mrs. Firstname",female,,0,0,TKT76253,11.75,,S
285,1,3,"Lastname_285, Mrs. Firstname",female,,0,0,TKT49169,5.0,E45,S
286,1,3,"Lastname_286, Mr. Firstname",male,,0,0,TKT26459,15.97,B57,C
287,1,2,"Lastname_287, Mr. Firstname",male,64.9,0,0,TKT35095,6.92,E17,S
288,0,3,"Lastname_288, Mr. Firstname",male,48.6,0,1,TKT79518,5.0,,C
289,0,2,"Lastname_289, Mr. Firstname",male,33.4,1,0,TKT26428,5.17,,S
290,1,2,"Lastname_290, Mrs. Firstname",female,12.5,3,0,TKT73928,13.17,,S
291,1,1,"Lastname_291, Mr. Firstname",male,,0,3,TKT56418,5.0,D94,S
292,1,3,"Lastname_292, Mrs. Firstname",female,59.9,0,0,TKT62550,35.03,,S
293,1,1,"Lastname_293, Mrs. Firstname",female,39.3,1,0,TKT13009,5.0,C67,S
294,1,3,"Lastname_294, Mr. Firstname",male,,0,0,TKT39092,5.0,,S
295,0,3,"Lastname_295, Mr. Firstname",male,,4,0,TKT96803,28.86,,S
296,1,3,"Lastname_296, Mrs. Firstname",female,19.6,1,0,TKT26663,32.11,,C
297,0,2,"Lastname_297, Mr. Firstname",male,,1,3,TKT90165,41.53,E89,S
298,1,2,"Lastname_298, Mr. Firstname",male,34.2,0,0,TKT91422,32.14,,S
299,1,1,"Lastname_299, Mrs. Firstname",female,,0,0,TKT79590,48.43,,S
300,1,3,"Lastname_300, Mrs. Firstname",female,39.1,1,0,TKT42467,53.53,,S
301,1,1,"Lastname_301, Mr. Firstname",male,,1,0,TKT12994,12.34,,S
302,1,2,"Lastname_302, Mrs. Firstname",female,27.0,0,0,TKT62664,9.49,,C
303,0,2,"Lastname_303, Mr. Firstname",male,,0,2,TKT49346,5.0,,C
304,0,3,"Lastname_304, Mr. Firstname",male,34.8,0,1,TKT11466,5.0,,S
305,1,1,"Lastname_305, Mrs. Firstname",female,19.6,0,0,TKT89878,82.51,,S
306,1,3,"Lastname_306, Mr. Firstname",male,46.6,0,0,TKT30827,28.11,B29,S
307,0,3,"Lastname_307, Mr. Firstname",male,,1,0,TKT52832,15.67,,S
308,0,3,"Lastname_308, Mr. Firstname",male,5.2,0,0,TKT84229,16.42,,S
309,0,1,"Lastname_309, Mr. Firstname",male,44.1,0,1,TKT21618,24.87,,S
310,0,1,"Lastname_310, Mr. Firstname",male,33.4,0,2,TKT10692,45.03,,S
311,1,1,"Lastname_311, Mrs. Firstname",female,15.4,1,0,TKT43672,17.58,A74,C
312,0,3,"Lastname_312, Mr. Firstname",male,6.2,0,0,TKT59056,30.16,,S
313,0,3,"Lastname_313, Mr. Firstname",male,9.8,0,0,TKT81334,7.88,B57,S
314,0,3,"Lastname_314, Mr. Firstname",male,25.8,0,0,TKT10924,5.0,,C
315,1,1,"Lastname_315, Mr. Firstname",male,17.2,0,1,TKT67174,97.45,,S
316,1,3,"Lastname_316, Mrs. Firstname",female,41.5,0,0,TKT85242,79.86,,S
317,0,3,"Lastname_317, Mr. Firstname",male,40.0,1,0,TKT75066,36.52,,C
318,1,3,"Lastname_318, Mr. Firstname",male,,0,0,TKT89823,16.93,,S
319,0,3,"Lastname_319, Mr. Firstname",male,,0,0,TKT19190,28.35,,S
320,1,2,"Lastname_320, Mrs. Firstname",female,29.2,0,0,TKT12962,16.87,,C
321,1,3,"Lastname_321, Mr. Firstname",male,34.1,0,0,TKT61413,26.9,,S
322,1,3,"Lastname_322, Mrs. Firstname",female,41.1,0,0,TKT31398,35.4,,S
323,1,2,"Lastname_323, Mr. Firstname",male,,1,0,TKT57204,43.69,,S
324,0,3,"Lastname_324, Mr. Firstname",male,5.5,0,0,TKT15622,17.18,,S
325,0,3,"Lastname_325, Mr. Firstname",male,16.8,0,0,TKT17349,21.83,B98,S
326,0,3,"Lastname_326, Mr. Firstname",male,,0,0,TKT93434,9.07,,S
327,1,1,"Lastname_327, Mr. Firstname",male,8.1,0,1,TKT16008,5.0,,S
328,0,3,"Lastname_328, Mr. Firstname",male,31.1,0,0,TKT90639,85.9,,S
329,0,3,"Lastname_329, Mr. Firstname",male,22.8,0,0,TKT69199,8.74,,S
330,1,3,"Lastname_330, Mrs. Firstname",female,24.4,1,1,TKT10731,37.65,,S
331,0,1,"Lastname_331, Mr. Firstname",male,19.7,1,0,TKT66240,16.63,,C
332,0,3,"Lastname_332, Mr. Firstname",male,,1,2,TKT43798,9.96,,C
333,1,3,"Lastname_333, Mrs. Firstname",female,36.1,1,0,TKT64460,22.22,,S
334,1,1,"Lastname_334, Mrs. Firstname",female,17.7,0,0,TKT54066,53.47,C1,S
335,0,3,"Lastname_335, Mr. Firstname",male,30.8,1,0,TKT21695,5.9,,S
336,1,3,"Lastname_336, Mrs. Firstname",female,27.5,0,1,TKT80990,35.58,,S
337,0,1,"Lastname_337, Mr. Firstname",male,24.1,0,1,TKT72699,5.0,,S
338,0,3,"Lastname_338, Mr. Firstname",male,,0,0,TKT74604,5.0,,S
339,0,3,"Lastname_339, Mr. Firstname",male,,0,0,TKT89335,85.48,A69,
340,0,3,"Lastname_340, Mrs. Firstname",female,,0,0,TKT10215,10.57,,S
341,0,2,"Lastname_341, Mr. Firstname",male,31.5,0,0,TKT23329,79.97,,S
342,1,3,"Lastname_342, Mrs. Firstname",female,26.5,1,1,TKT99862,47.48,,S
343,0,3,"Lastname_343, Mr. Firstname",male,33.0,0,0,TKT87733,,D56,C
344,0,3,"Lastname_344, Mrs. Firstname",female,,0,0,TKT38060,17.88,,S
345,0,3,"Lastname_345, Mr. Firstname",male,23.1,4,0,TKT28300,35.87,,S
346,1,1,"Lastname_346, Mrs. Firstname",female,,0,0,TKT42016,42.85,C40,S
347,0,3,"Lastname_347, Mrs. Firstname",female,20.4,0,0,TKT15269,25.17,,S
348,0,3,"Lastname_348, Mr. Firstname",male,,0,0,TKT59699,15.16,,S
349,0,1,"Lastname_349, Mr. Firstname",male,23.9,0,1,TKT36655,13.42,,Q
350,1,3,"Lastname_350, Mrs. Firstname",female,33.6,0,0,TKT20313,83.45,,C
351,1,3,"Lastname_351, Mrs. Firstname",female,40.2,0,0,TKT30056,39.91,C2,S
352,1,3,"Lastname_352, Mr. Firstname",male,31.3,0,0,TKT80456,30.12,,S
353,0,1,"Lastname_353, Mr. Firstname",male,24.3,0,2,TKT89401,7.37,,S
354,1,1,"Lastname_354, Mrs. Firstname",female,19.1,0,0,TKT50718,13.24,,S
355,1,1,"Lastname_355, Mrs. Firstname",female,29.3,0,0,TKT67986,56.59,A17,S
356,1,2,"Lastname_356, Mrs. Firstname",female,17.0,1,2,TKT75679,31.23,,S
357,1,3,"Lastname_357, Mrs. Firstname",female,,1,0,TKT61658,7.3,,S
358,1,3,"Lastname_358, Mrs. Firstname",female,9.3,2,0,TKT93400,30.82,,
359,0,2,"Lastname_359, Mr. Firstname",male,15.1,1,2,TKT11996,21.7,,S
360,0,3,"Lastname_360, Mr. Firstname",male,25.2,1,0,TKT67786,16.01,,C
361,0,3,"Lastname_361, Mr. Firstname",male,37.5,0,0,TKT34054,10.8,E38,C
362,0,3,"Lastname_362, Mrs. Firstname",female,40.4,0,0,TKT80740,41.44,,S
363,1,3,"Lastname_363, Mrs. Firstname",female,34.9,0,0,TKT77081,35.16,,S
364,0,3,"Lastname_364, Mr. Firstname",male,32.5,0,0,TKT41624,62.01,,S
365,1,2,"Lastname_365, Mrs. Firstname",female,29.3,2,0,TKT40077,25.75,,Q
366,0,3,"Lastname_366, Mr. Firstname",male,21.8,1,0,TKT47706,59.8,,C
367,0,3,"Lastname_367, Mr. Firstname",male,2.1,0,2,TKT50701,9.24,,S
368,0,2,"Lastname_368, Mr. Firstname",male,12.0,0,1,TKT31341,108.46,,S
369,1,3,"Lastname_369, Mrs. Firstname",female,15.7,0,0,TKT13326,78.07,,S
370,0,1,"Lastname_370, Mr. Firstname",male,13.0,0,0,TKT69935,5.0,B76,S
371,0,1,"Lastname_371, Mr. Firstname",male,38.6,0,1,TKT37200,20.7,,S
372,1,1,"Lastname_372, Mrs. Firstname",female,17.2,4,0,TKT82015,9.31,,S
373,0,3,"Lastname_373, Mr. Firstname",male,1.0,0,0,TKT92464,120.66,,C
374,0,1,"Lastname_374, Mr. Firstname",male,31.8,4,0,TKT79521,8.6,,S
375,0,1,"Lastname_375, Mr. Firstname",male,8.8,0,1,TKT37675,43.21,,C
376,0,1,"Lastname_376, Mr. Firstname",male,22.1,0,0,TKT32821,14.02,C46,C
377,0,3,"Lastname_377, Mr. Firstname",male,38.9,2,0,TKT70782,51.09,,C
378,0,3,"Lastname_378, Mr. Firstname",male,6.2,0,0,TKT99131,45.26,B49,S
379,1,1,"Lastname_379, Mrs. Firstname",female,20.3,0,0,TKT43132,20.28,,S
380,0,1,"Lastname_380, Mr. Firstname",male,,0,1,TKT44235,5.0,,C
381,0,3,"Lastname_381, Mr. Firstname",male,,0,0,TKT59597,6.7,,C
382,0,2,"Lastname_382, Mr. Firstname",male,39.2,0,1,TKT43461,71.8,E80,Q
383,0,3,"Lastname_383, Mr. Firstname",male,1.0,1,0,TKT24390,28.35,,S
384,0,1,"Lastname_384, Mr. Firstname",male,25.1,0,0,TKT51662,15.97,A81,S
385,1,3,"Lastname_385, Mrs. Firstname",female,57.7,0,1,TKT57299,99.84,,S
386,0,3,"Lastname_386, Mr. Firstname",male,34.8,1,0,TKT69643,148.29,A75,S
387,1,1,"Lastname_387, Mr. Firstname",male,32.3,0,0,TKT52863,6.64,,S
388,0,3,"Lastname_388, Mr. Firstname",male,1.0,0,0,TKT41213,64.79,,S
389,1,1,"Lastname_389, Mr. Firstname",male,41.3,1,0,TKT68502,70.35,,S
390,0,2,"Lastname_390, Mr. Firstname",male,71.7,0,0,TKT60654,117.92,,S
391,0,3,"Lastname_391, Mr. Firstname",male,26.1,3,0,TKT21826,16.1,,S
392,1,1,"Lastname_392, Mr. Firstname",male,29.7,0,0,TKT55772,5.0,,C
393,1,2,"Lastname_393, Mr. Firstname",male,,0,0,TKT64512,22.56,,S
394,1,1,"Lastname_394, Mrs. Firstname",female,,0,0,TKT21814,37.83,C60,S
395,1,1,"Lastname_395, Mr. Firstname",male,46.2,0,0,TKT64387,,,C
396,0,3,"Lastname_396, Mr. Firstname",male,65.9,0,0,TKT53333,6.42,,S
397,0,3,"Lastname_397, Mr. Firstname",male,39.1,0,0,TKT19589,57.53,,C
398,1,1,"Lastname_398, Mr. Firstname",male,38.1,0,0,TKT28316,37.65,,S
399,0,3,"Lastname_399, Mr. Firstname",male,42.6,0,0,TKT65182,5.0,B59,S
400,0,3,"Lastname_400, Mr. Firstname",male,34.9,2,1,TKT74922,5.99,C29,Q
401,0,1,"Lastname_401, Mr. Firstname",male,33.7,0,0,TKT70924,9.42,,S
402,0,3,"Lastname_402, Mr. Firstname",male,20.8,0,2,TKT81356,32.79,,Q
403,0,3,"Lastname_403, Mrs. Firstname",female,24.8,0,0,TKT13749,5.0,,S
404,0,3,"Lastname_404, Mr. Firstname",male,,2,0,TKT77847,18.91,,S
405,1,3,"Lastname_405, Mr. Firstname",male,,1,0,TKT80309,6.61,,S
406,1,1,"Lastname_406, Mrs. Firstname",female,1.0,0,3,TKT54678,108.74,,S
407,0,3,"Lastname_407, Mr. Firstname",male,13.8,0,0,TKT79206,23.01,E58,S
408,0,3,"Lastname_408, Mrs. Firstname",female,45.6,2,0,TKT85082,5.0,,S
409,0,1,"Lastname_409, Mr. Firstname",male,,2,2,TKT34398,8.04,,S
410,1,3,"Lastname_410, Mrs. Firstname",female,20.5,0,0,TKT21801,132.19,,S
411,1,1,"Lastname_411, Mrs. Firstname",female,36.8,0,0,TKT77288,6.75,,S
412,0,3,"Lastname_412, Mr. Firstname",male,,0,0,TKT68901,42.33,,Q
413,0,1,"Lastname_413, Mr. Firstname",male,,0,0,TKT11537,,,S
414,0,1,"Lastname_414, Mrs. Firstname",female,1.0,0,0,TKT72532,18.0,,S
415,1,3,"Lastname_415, Mrs. Firstname",female,28.2,2,0,TKT33723,40.86,,S
416,1,3,"Lastname_416, Mrs. Firstname",female,28.9,1,0,TKT25043,5.0,,C
417,0,2,"Lastname_417, Mrs. Firstname",female,26.6,0,3,TKT94664,13.51,,S
418,0,2,"Lastname_418, Mr. Firstname",male,27.8,0,0,TKT91899,39.5,C9,S
419,0,3,"Lastname_419, Mr. Firstname",male,,0,3,TKT36811,14.32,C26,S
420,1,3,"Lastname_420, Mrs. Firstname",female,1.7,0,0,TKT63502,17.29,,C
421,0,1,"Lastname_421, Mr. Firstname",male,38.6,0,0,TKT99787,37.46,,S
422,0,3,"Lastname_422, Mr. Firstname",male,17.1,0,1,TKT45790,28.41,,S
423,0,3,"Lastname_423, Mrs. Firstname",female,19.9,0,0,TKT75641,173.97,,S
424,1,3,"Lastname_424, Mr. Firstname",male,1.0,0,0,TKT26984,9.03,,S
425,0,3,"Lastname_425, Mr. Firstname",male,,0,2,TKT77906,39.66,,Q
426,1,2,"Lastname_426, Mr. Firstname",male,39.7,2,0,TKT42463,20.9,,C
427,0,3,"Lastname_427, Mr. Firstname",male,42.7,0,0,TKT60390,16.95,,S
428,0,3,"Lastname_428, Mrs. Firstname",female,46.1,3,0,TKT39504,43.36,,S
429,0,2,"Lastname_429, Mrs. Firstname",female,50.1,1,2,TKT93028,5.0,D66,S
430,0,3,"Lastname_430, Mr. Firstname",male,,0,0,TKT78322,33.15,,S
431,0,1,"Lastname_431, Mr. Firstname",male,35.2,1,1,TKT80404,35.22,,S
432,0,3,"Lastname_432, Mr. Firstname",male,,2,0,TKT13543,5.0,,S
433,0,3,"Lastname_433, Mrs. Firstname",female,59.5,0,0,TKT90378,5.0,,S
434,1,3,"Lastname_434, Mrs. Firstname",female,,0,0,TKT49385,46.09,B90,S
435,0,3,"Lastname_435, Mrs. Firstname",female,29.9,2,0,TKT90317,96.04,,C
436,0,3,"Lastname_436, Mrs. Firstname",female,15.6,0,0,TKT30823,27.21,,S
437,0,3,"Lastname_437, Mr. Firstname",male,27.5,0,0,TKT85039,25.14,,S
438,0,2,"Lastname_438, Mr. Firstname",male,11.4,0,0,TKT25385,5.0,,Q
439,0,3,"Lastname_439, Mrs. Firstname",female,36.4,0,0,TKT44840,9.96,,S
440,0,2,"Lastname_440, Mr. Firstname",male,,2,0,TKT26138,19.34,,S
441,0,3,"Lastname_441, Mrs. Firstname",female,,0,0,TKT62389,45.18,,S
442,1,3,"Lastname_442, Mrs. Firstname",female,31.0,0,0,TKT37499,66.78,,S
443,0,3,"Lastname_443, Mr. Firstname",male,19.9,0,0,TKT39332,9.16,,S
444,0,1,"Lastname_444, Mr. Firstname",male,35.7,0,1,TKT28256,22.95,C12,S
445,0,3,"Lastname_445, Mr. Firstname",male,,0,0,TKT10555,9.5,B79,S
446,1,1,"Lastname_446, Mrs. Firstname",female,21.1,0,2,TKT94085,23.6,D28,S
447,1,1,"Lastname_447, Mr. Firstname",male,47.2,0,0,TKT70926,14.96,,S
448,1,3,"Lastname_448, Mr. Firstname",male,20.1,1,0,TKT84599,27.65,,S
449,1,3,"Lastname_449, Mrs. Firstname",female,53.8,0,0,TKT31577,51.09,,C
450,1,2,"Lastname_450, Mr. Firstname",male,34.1,0,1,TKT13845,7.77,,S
451,1,1,"Lastname_451, Mr. Firstname",male,9.5,0,0,TKT22178,28.6,,S
452,0,3,"Lastname_452, Mr. Firstname",male,48.3,0,0,TKT90308,5.0,,S
453,1,3,"Lastname_453, Mrs. Firstname",female,44.3,0,0,TKT60721,38.87,C38,S
454,1,3,"Lastname_454, Mrs. Firstname",female,12.1,0,0,TKT46613,10.05,,S
455,0,3,"Lastname_455, Mr. Firstname",male,,0,2,TKT20292,16.81,,Q
456,0,2,"Lastname_456, Mrs. Firstname",female,,0,0,TKT46486,10.79,,S
457,1,2,"Lastname_457, Mrs. Firstname",female,,0,0,TKT91187,26.95,,S
458,0,3,"Lastname_458, Mrs. Firstname",female,40.3,0,0,TKT25629,51.63,A12,S
459,0,1,"Lastname_459, Mr. Firstname",male,40.3,1,0,TKT62772,24.16,C71,S
460,0,3,"Lastname_460, Mr. Firstname",male,37.5,1,0,TKT95468,5.0,,S
461,0,3,"Lastname_461, Mrs. Firstname",female,,0,0,TKT56936,44.12,D17,S
462,1,3,"Lastname_462, Mrs. Firstname",female,60.2,1,0,TKT73321,13.12,,Q
463,1,1,"Lastname_463, Mrs. Firstname",female,,0,0,TKT78274,15.23,,S
464,1,1,"Lastname_464, Mr. Firstname",male,5.4,0,0,TKT20940,10.88,B62,S
465,0,2,"Lastname_465, Mr. Firstname",male,11.2,2,0,TKT81327,53.39,,S
466,0,3,"Lastname_466, Mr. Firstname",male,17.7,1,2,TKT38754,23.3,,S
467,0,3,"Lastname_467, Mr. Firstname",male,28.9,0,0,TKT45454,5.0,,S
468,0,3,"Lastname_468, Mrs. Firstname",female,4.3,3,1,TKT47207,5.0,D57,S
469,1,3,"Lastname_469, Mrs. Firstname",female,30.3,1,0,TKT25764,126.43,,C
470,1,1,"Lastname_470, Mrs. Firstname",female,50.5,1,0,TKT25210,74.21,,Q
471,0,3,"Lastname_471, Mr. Firstname",male,37.2,0,0,TKT53876,5.0,,C
472,0,3,"Lastname_472, Mr. Firstname",male,22.0,1,0,TKT97700,5.0,E17,S
473,0,3,"Lastname_473, Mr. Firstname",male,,0,1,TKT17233,5.0,,Q
474,0,3,"Lastname_474, Mr. Firstname",male,1.0,0,0,TKT36205,5.0,,S
475,1,2,"Lastname_475, Mrs. Firstname",female,27.9,2,0,TKT26406,23.5,,S
476,0,1,"Lastname_476, Mr. Firstname",male,,0,0,TKT23026,34.79,,S
477,0,3,"Lastname_477, Mrs. Firstname",female,36.1,0,0,TKT66572,16.99,A41,S
478,1,1,"Lastname_478, Mr. Firstname",male,22.8,1,0,TKT31390,72.04,E10,S
479,0,3,"Lastname_479, Mr. Firstname",male,21.8,0,0,TKT12196,5.0,,C
480,0,3,"Lastname_480, Mr. Firstname",male,19.9,0,0,TKT39377,13.57,,C
481,1,3,"Lastname_481, Mrs. Firstname",female,37.2,1,0,TKT49465,14.92,,C
482,0,3,"Lastname_482, Mr. Firstname",male,24.2,0,0,TKT71779,52.95,,S
483,0,3,"Lastname_483, Mrs. Firstname",female,40.8,1,0,TKT13196,5.0,,C
484,0,3,"Lastname_484, Mr. Firstname",male,15.5,0,2,TKT87400,52.69,,S
485,1,1,"Lastname_485, Mrs. Firstname",female,13.4,1,0,TKT89464,61.46,,S
486,0,1,"Lastname_486, Mr. Firstname",male,27.1,0,2,TKT83508,6.18,B60,S
487,0,2,"Lastname_487, Mrs. Firstname",female,36.0,0,1,TKT44470,32.35,,C
488,1,2,"Lastname_488, Mr. Firstname",male,25.3,0,0,TKT56144,66.48,D33,S
489,1,1,"Lastname_489, Mrs. Firstname",female,17.0,0,0,TKT23806,5.0,,S
490,0,3,"Lastname_490, Mrs. Firstname",female,17.3,0,0,TKT87186,5.0,,S
491,0,3,"Lastname_491, Mr. Firstname",male,36.2,0,1,TKT24855,7.03,D72,Q
492,0,3,"Lastname_492, Mr. Firstname",male,30.0,0,0,TKT97154,10.91,,S
493,0,3,"Lastname_493, Mr. Firstname",male,1.0,0,0,TKT41385,37.46,,S
494,1,1,"Lastname_494, Mrs. Firstname",female,32.5,0,0,TKT36708,40.18,,Q
495,0,2,"Lastname_495, Mr. Firstname",male,,0,0,TKT80027,,,S
496,0,2,"Lastname_496, Mr. Firstname",male,3.3,0,2,TKT19425,85.1,,S
497,0,2,"Lastname_497, Mr. Firstname",male,,0,1,TKT16791,61.03,,S
498,0,3,"Lastname_498, Mr. Firstname",male,,1,1,TKT59228,6.05,,S
499,0,3,"Lastname_499, Mrs. Firstname",female,,0,0,TKT27276,5.0,,S
500,1,1,"Lastname_500, Mr. Firstname",male,61.0,1,0,TKT49994,39.71,,C
501,0,3,"Lastname_501, Mrs. Firstname",female,30.3,2,0,TKT70645,11.33,A79,S
502,0,3,"Lastname_502, Mrs. Firstname",female,38.4,0,0,TKT32369,13.96,,S
503,1,3,"Lastname_503, Mrs. Firstname",female,44.1,0,0,TKT25928,5.57,,S
504,1,1,"Lastname_504, Mrs. Firstname",female,24.4,0,0,TKT21161,,,S
505,0,1,"Lastname_505, Mr. Firstname",male,,0,0,TKT20435,25.6,C40,S
506,0,2,"Lastname_506, Mr. Firstname",male,37.6,0,0,TKT34843,28.28,D94,S
507,0,3,"Lastname_507, Mr. Firstname",male,33.0,1,0,TKT76945,18.99,A23,S
508,1,2,"Lastname_508, Mrs. Firstname",female,22.2,2,0,TKT62551,36.17,,S
509,1,2,"Lastname_509, Mr. Firstname",male,,0,0,TKT20839,26.03,,S
510,0,3,"Lastname_510, Mr. Firstname",male,,4,0,TKT47606,45.14,,S
511,0,3,"Lastname_511, Mr. Firstname",male,,0,0,TKT93694,68.25,E43,S
512,1,1,"Lastname_512, Mrs. Firstname",female,39.7,1,0,TKT80641,24.44,,C
513,0,3,"Lastname_513, Mr. Firstname",male,,0,0,TKT75715,64.52,,Q
514,1,1,"Lastname_514, Mr. Firstname",male,23.1,1,0,TKT37213,5.0,,Q
515,0,3,"Lastname_515, Mr. Firstname",male,16.3,0,1,TKT63260,22.15,,S
516,0,3,"Lastname_516, Mr. Firstname",male,44.3,0,0,TKT79754,104.55,,S
517,1,3,"Lastname_517, Mr. Firstname",male,32.1,0,0,TKT67138,26.26,,C
518,0,3,"Lastname_518, Mr. Firstname",male,40.5,0,1,TKT77321,5.0,,S
519,0,3,"Lastname_519, Mrs. Firstname",female,,0,0,TKT57176,5.0,,S
520,0,3,"Lastname_520, Mr. Firstname",male,36.9,0,0,TKT35017,46.29,,S
521,0,3,"Lastname_521, Mrs. Firstname",female,53.1,0,0,TKT83914,24.53,D1,C
522,1,3,"Lastname_522, Mr. Firstname",male,,1,0,TKT81667,9.48,,C
523,1,3,"Lastname_523, Mr. Firstname",male,31.7,0,0,TKT51420,66.54,,Q
524,1,1,"Lastname_524, Mr. Firstname",male,28.9,0,0,TKT75792,10.67,,Q
525,1,1,"Lastname_525, Mrs. Firstname",female,29.0,0,0,TKT42305,18.01,,S
526,0,3,"Lastname_526, Mr. Firstname",male,11.8,0,0,TKT65184,14.41,E80,S
527,0,3,"Lastname_527, Mr. Firstname",male,38.0,0,0,TKT72543,5.0,,S
528,1,1,"Lastname_528, Mr. Firstname",male,21.9,0,2,TKT44346,16.15,,S
529,0,3,"Lastname_529, Mr. Firstname",male,,1,0,TKT88287,8.54,,C
530,0,3,"Lastname_530, Mrs. Firstname",female,22.0,0,0,TKT49477,5.0,,S
531,1,1,"Lastname_531, Mrs. Firstname",female,56.3,0,2,TKT48736,10.79,,S
532,1,3,"Lastname_532, Mrs. Firstname",female,38.4,0,0,TKT66888,27.19,,S
533,1,3,"Lastname_533, Mr. Firstname",male,6.2,0,0,TKT24260,11.63,,S
534,1,1,"Lastname_534, Mr. Firstname",male,24.6,1,0,TKT87442,70.02,,S
535,1,3,"Lastname_535, Mrs. Firstname",female,31.3,1,2,TKT71480,47.32,,S
536,1,3,"Lastname_536, Mrs. Firstname",female,32.0,0,0,TKT14239,131.79,C22,S
537,0,3,"Lastname_537, Mrs. Firstname",female,34.6,0,0,TKT13770,11.8,,S
538,0,2,"Lastname_538, Mr. Firstname",male,34.6,0,0,TKT16806,36.33,E61,C
539,0,3,"Lastname_539, Mrs. Firstname",female,23.9,0,1,TKT76720,5.0,,S
540,1,3,"Lastname_540, Mrs. Firstname",female,36.7,0,0,TKT56728,30.09,,C
541,1,3,"Lastname_541, Mrs. Firstname",female,15.8,0,0,TKT86772,15.51,,S
542,1,2,"Lastname_542, Mr. Firstname",male,,0,3,TKT97889,5.84,,Q
543,1,2,"Lastname_543, Mrs. Firstname",female,61.7,0,0,TKT62234,24.06,,S
544,0,3,"Lastname_544, Mr. Firstname",male,21.1,0,0,TKT37050,25.01,,S
545,0,3,"Lastname_545, Mrs. Firstname",female,,0,0,TKT66911,35.98,B33,S
546,0,3,"Lastname_546, Mr. Firstname",male,53.2,0,0,TKT72694,190.76,,S
547,0,1,"Lastname_547, Mr. Firstname",male,13.5,0,2,TKT37916,16.2,,S
548,1,3,"Lastname_548, Mr. Firstname",male,,1,0,TKT37703,33.65,,S
549,1,2,"Lastname_549, Mrs. Firstname",female,25.1,0,0,TKT71142,5.0,,S
550,1,1,"Lastname_550, Mr. Firstname",male,31.4,1,0,TKT32394,70.77,C12,S
551,0,3,"Lastname_551, Mrs. Firstname",female,22.6,0,0,TKT55482,41.49,,C
552,1,3,"Lastname_552, Mr. Firstname",male,41.7,0,0,TKT43617,9.94,,S
553,0,3,"Lastname_553, Mr. Firstname",male,,1,0,TKT51632,28.76,,C
554,1,1,"Lastname_554, Mr. Firstname",male,22.5,1,1,TKT95805,,,S
555,0,2,"Lastname_555, Mr. Firstname",male,27.7,0,2,TKT43979,5.0,E38,S
556,0,3,"Lastname_556, Mr. Firstname",male,,1,0,TKT76615,32.15,,S
557,0,3,"Lastname_557, Mr. Firstname",male,,1,0,TKT86120,34.75,A92,S
558,1,3,"Lastname_558, Mrs. Firstname",female,,0,0,TKT30566,15.9,A50,S
559,1,3,"Lastname_559, Mrs. Firstname",female,18.1,0,0,TKT84791,52.04,E70,S
560,1,2,"Lastname_560, Mr. Firstname",male,13.1,0,0,TKT89301,15.92,,S
561,1,1,"Lastname_561, Mr. Firstname",male,,1,1,TKT77428,9.5,,S
562,1,3,"Lastname_562, Mr. Firstname",male,24.7,0,0,TKT13883,98.01,,C
563,0,3,"Lastname_563, Mr. Firstname",male,24.2,1,0,TKT14023,19.46,,S
564,1,3,"Lastname_564, Mr. Firstname",male,10.6,0,0,TKT43001,5.0,,C
565,1,2,"Lastname_565, Mr. Firstname",male,,0,0,TKT31767,31.58,,S
566,1,3,"Lastname_566, Mrs. Firstname",female,24.5,0,1,TKT55783,5.0,,S
567,0,3,"Lastname_567, Mr. Firstname",male,22.4,0,0,TKT37528,5.22,,S
568,1,2,"Lastname_568, Mr. Firstname",male,37.8,0,1,TKT58591,45.53,A88,S
569,1,3,"Lastname_569, Mr. Firstname",male,,0,0,TKT77619,5.0,,S
570,0,3,"Lastname_570, Mr. Firstname",male,30.5,0,0,TKT87518,41.68,,S
571,0,3,"Lastname_571, Mr. Firstname",male,,0,0,TKT26375,31.38,,Q
572,0,3,"Lastname_572, Mrs. Firstname",female,33.6,1,3,TKT30534,8.95,,S
573,1,2,"Lastname_573, Mr. Firstname",male,42.9,0,0,TKT44229,75.61,,S
574,0,1,"Lastname_574, Mr. Firstname",male,27.0,0,0,TKT10660,48.74,,S
575,0,2,"Lastname_575, Mr. Firstname",male,24.7,0,2,TKT46787,5.0,,Q
576,0,3,"Lastname_576, Mr. Firstname",male,21.2,0,1,TKT63739,19.02,,S
577,1,3,"Lastname_577, Mr. Firstname",male,35.5,0,0,TKT60110,56.0,,S
578,1,3,"Lastname_578, Mrs. Firstname",female,36.3,1,0,TKT24126,5.0,,S
579,0,2,"Lastname_579, Mr. Firstname",male,,1,2,TKT46163,33.82,,S
580,1,2,"Lastname_580, Mrs. Firstname",female,,2,0,TKT14414,20.99,,S
581,0,3,"Lastname_581, Mr. Firstname",male,49.9,0,0,TKT67417,5.0,D36,S
582,0,1,"Lastname_582, Mr. Firstname",male,55.6,0,0,TKT30202,5.0,,S
583,0,3,"Lastname_583, Mrs. Firstname",female,36.9,2,0,TKT26661,7.04,,S
584,1,2,"Lastname_584, Mrs. Firstname",female,27.9,1,0,TKT67772,50.54,,S
585,1,2,"Lastname_585, Mrs. Firstname",female,30.0,0,0,TKT15097,50.03,,Q
586,0,2,"Lastname_586, Mr. Firstname",male,,0,0,TKT42543,5.0,,S
587,0,3,"Lastname_587, Mr. Firstname",male,17.9,1,2,TKT20588,5.0,A94,S
588,1,1,"Lastname_588, Mrs. Firstname",female,51.5,0,0,TKT94216,32.52,,S
589,0,1,"Lastname_589, Mr. Firstname",male,8.8,0,0,TKT16044,5.0,,S
590,0,3,"Lastname_590, Mr. Firstname",male,31.4,0,2,TKT40985,5.0,,S
591,1,3,"Lastname_591, Mrs. Firstname",female,,1,2,TKT84466,41.5,,S
592,0,3,"Lastname_592, Mrs. Firstname",female,49.6,0,0,TKT50004,12.03,,S
593,0,1,"Lastname_593, Mr. Firstname",male,47.8,1,0,TKT74303,35.27,C28,Q
594,1,2,"Lastname_594, Mrs. Firstname",female,42.3,1,0,TKT83030,6.49,,S
595,1,1,"Lastname_595, Mrs. Firstname",female,13.5,0,0,TKT17910,5.0,,S
596,0,3,"Lastname_596, Mrs. Firstname",female,,1,0,TKT49051,72.9,,S
597,1,3,"Lastname_597, Mrs. Firstname",female,,0,0,TKT34918,8.79,,S
598,1,3,"Lastname_598, Mr. Firstname",male,,0,0,TKT91991,11.35,,S
599,0,3,"Lastname_599, Mrs. Firstname",female,39.0,0,2,TKT67802,5.0,E42,C
600,0,2,"Lastname_600, Mr. Firstname",male,14.0,0,0,TKT73083,5.0,,C
601,1,2,"Lastname_601, Mrs. Firstname",female,29.1,1,0,TKT16277,71.27,,C
602,0,3,"Lastname_602, Mrs. Firstname",female,48.1,2,1,TKT55213,19.06,,S
603,0,2,"Lastname_603, Mr. Firstname",male,11.6,0,0,TKT45053,5.0,,S
604,0,3,"Lastname_604, Mr. Firstname",male,29.7,1,1,TKT61574,38.97,,C
605,1,3,"Lastname_605, Mr. Firstname",male,,0,0,TKT91147,15.3,C35,S
606,1,2,"Lastname_606, Mr. Firstname",male,26.4,0,0,TKT69648,31.85,C40,S
607,1,1,"Lastname_607, Mrs. Firstname",female,,0,0,TKT37360,35.41,,S
608,0,3,"Lastname_608, Mrs. Firstname",female,,1,0,TKT53663,5.0,E56,C
609,1,2,"Lastname_609, Mrs. Firstname",female,25.7,4,0,TKT99900,18.37,,S
610,0,3,"Lastname_610, Mrs. Firstname",female,36.7,0,1,TKT79803,5.41,,Q
611,1,1,"Lastname_611, Mrs. Firstname",female,23.8,0,0,TKT60949,5.0,,S
612,1,1,"Lastname_612, Mr. Firstname",male,39.9,0,0,TKT88946,33.75,,S
613,1,3,"Lastname_613, Mrs. Firstname",female,,0,0,TKT16050,5.0,,S
614,0,3,"Lastname_614, Mrs. Firstname",female,9.4,0,0,TKT72695,69.93,,C
615,1,2,"Lastname_615, Mr. Firstname",male,22.5,0,2,TKT23782,5.0,,Q
616,0,3,"Lastname_616, Mr. Firstname",male,47.1,0,1,TKT89400,21.25,,S
617,1,2,"Lastname_617, Mr. Firstname",male,,0,0,TKT75424,13.52,,S
618,0,3,"Lastname_618, Mrs. Firstname",female,23.6,0,0,TKT35792,,,S
619,0,2,"Lastname_619, Mr. Firstname",male,15.9,1,0,TKT31300,19.22,,S
620,0,2,"Lastname_620, Mr. Firstname",male,56.0,0,3,TKT75169,45.54,,C
621,1,1,"Lastname_621, Mr. Firstname",male,39.6,1,0,TKT35230,8.01,,C
622,1,3,"Lastname_622, Mr. Firstname",male,23.6,0,0,TKT44674,25.8,E1,S
623,0,3,"Lastname_623, Mr. Firstname",male,27.5,1,0,TKT22809,98.06,,S
624,0,1,"Lastname_624, Mr. Firstname",male,15.6,0,0,TKT25003,8.0,,S
625,1,2,"Lastname_625, Mrs. Firstname",female,26.0,0,0,TKT80729,11.85,,S
626,0,1,"Lastname_626, Mr. Firstname",male,,2,0,TKT81765,19.69,,C
627,1,1,"Lastname_627, Mrs. Firstname",female,20.7,0,1,TKT70289,59.71,,C
628,1,1,"Lastname_628, Mr. Firstname",male,42.7,1,0,TKT44579,7.74,,S
629,0,2,"Lastname_629, Mrs. Firstname",female,,0,0,TKT55380,17.36,,S
630,1,1,"Lastname_630, Mr. Firstname",male,27.0,0,0,TKT89782,6.1,,S
631,1,1,"Lastname_631, Mrs. Firstname",female,,1,1,TKT50438,5.0,A95,S
632,0,3,"Lastname_632, Mr. Firstname",male,,0,1,TKT11652,13.85,,S
633,0,1,"Lastname_633, Mr. Firstname",male,25.0,0,0,TKT30229,14.1,,S
634,1,3,"Lastname_634, Mrs. Firstname",female,18.3,1,0,TKT91067,46.73,,S
635,0,3,"Lastname_635, Mrs. Firstname",female,3.7,0,0,TKT85060,157.9,,S
636,0,2,"Lastname_636, Mr. Firstname",male,45.4,0,2,TKT26508,5.0,E49,S
637,1,3,"Lastname_637, Mr. Firstname",male,33.0,0,0,TKT40226,80.87,,S
638,0,3,"Lastname_638, Mr. Firstname",male,31.5,0,1,TKT82534,49.03,,S
639,0,3,"Lastname_639, Mrs. Firstname",female,25.8,0,0,TKT28361,50.47,E89,S
640,1,1,"Lastname_640, Mr. Firstname",male,27.0,0,0,TKT97638,16.11,,S
641,0,3,"Lastname_641, Mr. Firstname",male,,0,0,TKT20985,65.75,,Q
642,1,1,"Lastname_642, Mrs. Firstname",female,,3,0,TKT18176,42.49,,S
643,1,1,"Lastname_643, Mr. Firstname",male,,0,0,TKT74033,5.0,,S
644,1,3,"Lastname_644, Mrs. Firstname",female,,0,1,TKT70695,9.9,E28,S
645,0,3,"Lastname_645, Mrs. Firstname",female,8.9,1,0,TKT95669,32.55,,S
646,1,2,"Lastname_646, Mr. Firstname",male,34.2,0,0,TKT96890,9.87,,C
647,1,3,"Lastname_647, Mrs. Firstname",female,61.9,1,1,TKT72223,37.3,,S
648,1,1,"Lastname_648, Mrs. Firstname",female,16.9,0,0,TKT59648,5.0,,S
649,0,2,"Lastname_649, Mr. Firstname",male,34.3,0,0,TKT27883,78.68,,S
650,0,3,"Lastname_650, Mr. Firstname",male,23.0,0,0,TKT54348,5.0,,S
651,0,3,"Lastname_651, Mrs. Firstname",female,,0,2,TKT53271,9.5,,S
652,0,3,"Lastname_652, Mr. Firstname",male,,0,0,TKT58487,96.25,C53,C
653,0,3,"Lastname_653, Mr. Firstname",male,,1,0,TKT72821,17.59,B23,S
654,0,3,"Lastname_654, Mr. Firstname",male,29.8,0,0,TKT78247,16.3,,S
655,0,3,"Lastname_655, Mr. Firstname",male,42.2,0,1,TKT15445,23.67,,S
656,1,1,"Lastname_656, Mrs. Firstname",female,28.2,0,0,TKT65773,19.78,D8,S
657,0,3,"Lastname_657, Mrs. Firstname",female,36.2,0,0,TKT73146,96.24,,S
658,0,3,"Lastname_658, Mr. Firstname",male,28.2,0,0,TKT68596,7.08,,S
659,1,2,"Lastname_659, Mr. Firstname",male,,0,0,TKT30754,5.0,,S
660,1,2,"Lastname_660, Mr. Firstname",male,74.9,0,0,TKT94196,13.71,,C
661,0,3,"Lastname_661, Mr. Firstname",male,,0,0,TKT88592,5.86,,Q
662,1,3,"Lastname_662, Mrs. Firstname",female,,2,1,TKT59294,58.09,,S
663,0,2,"Lastname_663, Mr. Firstname",male,,0,0,TKT93402,50.23,,C
664,0,2,"Lastname_664, Mr. Firstname",male,29.1,1,0,TKT77594,5.0,,C
665,0,3,"Lastname_665, Mr. Firstname",male,,2,0,TKT57445,42.43,,S
666,1,3,"Lastname_666, Mrs. Firstname",female,54.6,2,0,TKT16574,19.15,A60,S
667,1,3,"Lastname_667, Mrs. Firstname",female,16.8,0,0,TKT61097,6.3,,S
668,0,3,"Lastname_668, Mrs. Firstname",female,17.2,0,1,TKT75263,120.03,,S
669,0,3,"Lastname_669, Mrs. Firstname",female,35.9,0,0,TKT59477,50.75,,S
670,0,3,"Lastname_670, Mrs. Firstname",female,,0,0,TKT40314,59.98,,C
671,0,2,"Lastname_671, Mr. Firstname",male,36.3,0,0,TKT71009,49.3,,S
672,1,3,"Lastname_672, Mr. Firstname",male,55.2,1,0,TKT83567,75.19,,S
673,0,1,"Lastname_673, Mr. Firstname",male,14.6,1,0,TKT84095,15.45,,C
674,0,3,"Lastname_674, Mr. Firstname",male,48.6,0,0,TKT85287,23.04,,S
675,0,2,"Lastname_675, Mr. Firstname",male,49.8,0,1,TKT17377,6.81,E79,S
676,0,1,"Lastname_676, Mr. Firstname",male,,3,0,TKT18888,30.51,,S
677,1,3,"Lastname_677, Mr. Firstname",male,,1,0,TKT61030,26.26,,S
678,0,3,"Lastname_678, Mr. Firstname",male,1.0,1,0,TKT57046,20.18,C94,S
679,1,3,"Lastname_679, Mr. Firstname",male,19.8,2,0,TKT49023,34.68,,S
680,0,1,"Lastname_680, Mr. Firstname",male,31.0,0,0,TKT56229,5.0,,S
681,0,2,"Lastname_681, Mr. Firstname",male,32.8,0,3,TKT41346,5.0,,S
682,1,3,"Lastname_682, Mr. Firstname",male,22.1,0,0,TKT44129,5.0,D80,S
683,1,1,"Lastname_683, Mr. Firstname",male,41.7,1,0,TKT57109,5.0,,S
684,0,3,"Lastname_684, Mr. Firstname",male,7.8,0,0,TKT18078,20.0,,S
685,1,1,"Lastname_685, Mr. Firstname",male,18.1,0,0,TKT60665,38.34,,S
686,1,3,"Lastname_686, Mrs. Firstname",female,22.5,0,0,TKT66354,19.99,B57,C
687,1,1,"Lastname_687, Mr. Firstname",male,53.4,0,0,TKT53481,7.56,,S
688,0,3,"Lastname_688, Mrs. Firstname",female,,2,0,TKT47177,32.47,,S
689,1,3,"Lastname_689, Mr. Firstname",male,34.7,0,0,TKT91397,70.92,,C
690,1,2,"Lastname_690, Mrs. Firstname",female,57.5,0,0,TKT64261,10.26,,S
691,1,3,"Lastname_691, Mrs. Firstname",female,20.0,1,0,TKT37430,5.32,,S
692,1,3,"Lastname_692, Mr. Firstname",male,58.3,0,1,TKT83633,5.0,B45,S
693,1,3,"Lastname_693, Mrs. Firstname",female,,0,0,TKT91219,15.8,,C
694,0,2,"Lastname_694, Mr. Firstname",male,33.0,0,0,TKT52000,10.79,C42,S
695,0,3,"Lastname_695, Mr. Firstname",male,11.5,1,3,TKT34281,12.25,,S
696,1,2,"Lastname_696, Mrs. Firstname",female,30.1,2,0,TKT42210,16.37,,S
697,0,3,"Lastname_697, Mrs. Firstname",female,13.8,0,2,TKT68235,5.0,,C
698,0,3,"Lastname_698, Mr. Firstname",male,24.5,0,0,TKT75063,57.77,,C
699,1,3,"Lastname_699, Mr. Firstname",male,,0,0,TKT78232,77.63,,S
700,0,3,"Lastname_700, Mr. Firstname",male,,0,0,TKT27156,42.36,,C
701,1,2,"Lastname_701, Mr. Firstname",male,39.2,0,0,TKT53262,10.0,,S
702,1,2,"Lastname_702, Mrs. Firstname",female,1.3,0,0,TKT30011,57.05,E76,S
703,1,3,"Lastname_703, Mrs. Firstname",female,,0,2,TKT31395,5.0,,S
704,0,2,"Lastname_704, Mr. Firstname",male,27.6,0,0,TKT52192,36.59,,Q
705,0,3,"Lastname_705, Mr. Firstname",male,,0,0,TKT14096,,,S
706,0,3,"Lastname_706, Mr. Firstname",male,,0,1,TKT93441,113.83,,C
707,0,3,"Lastname_707, Mr. Firstname",male,22.0,2,0,TKT67589,29.01,,S
708,1,1,"Lastname_708, Mr. Firstname",male,39.9,0,0,TKT28240,47.19,,Q
709,0,3,"Lastname_709, Mr. Firstname",male,23.5,1,1,TKT14747,54.03,,S
710,0,3,"Lastname_710, Mrs. Firstname",female,49.4,0,0,TKT98552,12.91,,S
711,0,3,"Lastname_711, Mr. Firstname",male,19.5,0,0,TKT81713,9.71,,C
712,0,3,"Lastname_712, Mrs. Firstname",female,39.0,1,0,TKT97116,10.47,,Q
713,0,3,"Lastname_713, Mrs. Firstname",female,,0,2,TKT95447,15.9,,S
714,0,3,"Lastname_714, Mr. Firstname",male,26.5,0,0,TKT90399,5.0,E40,S
715,1,2,"Lastname_715, Mrs. Firstname",female,20.3,0,1,TKT51271,44.26,,C
716,0,2,"Lastname_716, Mr. Firstname",male,25.0,0,0,TKT93251,35.74,D84,S
717,0,3,"Lastname_717, Mrs. Firstname",female,,0,0,TKT13688,29.3,,S
718,0,2,"Lastname_718, Mr. Firstname",male,35.5,1,2,TKT11439,32.19,,S
719,1,3,"Lastname_719, Mrs. Firstname",female,21.6,2,0,TKT37684,75.7,A61,S
720,1,3,"Lastname_720, Mrs. Firstname",female,26.3,0,2,TKT57498,14.71,A4,S
721,0,2,"Lastname_721, Mr. Firstname",male,36.7,1,2,TKT77551,28.66,,Q
722,0,1,"Lastname_722, Mrs. Firstname",female,28.6,1,0,TKT35920,13.53,,C
723,1,1,"Lastname_723, Mr. Firstname",male,38.5,0,0,TKT68745,134.84,,S
724,0,2,"Lastname_724, Mrs. Firstname",female,49.2,0,0,TKT37201,5.0,,S
725,1,3,"Lastname_725, Mrs. Firstname",female,,0,0,TKT96157,27.63,,S
726,0,2,"Lastname_726, Mr. Firstname",male,20.4,0,0,TKT54528,33.62,,Q
727,0,2,"Lastname_727, Mr. Firstname",male,30.9,0,0,TKT31725,8.06,,S
728,0,3,"Lastname_728, Mr. Firstname",male,,0,0,TKT13454,30.34,,S
729,0,3,"Lastname_729, Mr. Firstname",male,17.1,0,0,TKT73308,5.0,,S
730,1,3,"Lastname_730, Mrs. Firstname",female,58.0,0,1,TKT96067,49.03,A21,C
731,0,3,"Lastname_731, Mr. Firstname",male,18.9,0,0,TKT89232,53.22,,Q
732,1,2,"Lastname_732, Mrs. Firstname",female,10.2,0,0,TKT20223,20.66,,C
733,1,3,"Lastname_733, Mr. Firstname",male,51.2,1,1,TKT69220,5.98,,S
734,0,3,"Lastname_734, Mrs. Firstname",female,10.6,0,0,TKT97278,23.57,D69,Q
735,0,1,"Lastname_735, Mr. Firstname",male,32.4,1,0,TKT70167,12.11,,S
736,0,1,"Lastname_736, Mr. Firstname",male,15.3,1,0,TKT69819,9.71,,S
737,1,3,"Lastname_737, Mr. Firstname",male,22.0,0,0,TKT64240,12.26,,C
738,0,3,"Lastname_738, Mrs. Firstname",female,41.0,0,0,TKT57458,71.98,,S
739,1,3,"Lastname_739, Mrs. Firstname",female,27.4,0,1,TKT18539,40.62,,S
740,1,3,"Lastname_740, Mrs. Firstname",female,22.5,1,0,TKT40028,152.31,,S
741,1,3,"Lastname_741, Mr. Firstname",male,37.3,0,0,TKT19522,42.92,,S
742,1,1,"Lastname_742, Mrs. Firstname",female,38.3,3,0,TKT78149,98.14,,S
743,0,3,"Lastname_743, Mr. Firstname",male,49.9,0,1,TKT18302,11.45,,S
744,1,1,"Lastname_744, Mrs. Firstname",female,24.2,1,0,TKT41821,16.48,,S
745,0,3,"Lastname_745, Mr. Firstname",male,68.6,0,1,TKT77474,18.3,,S
746,1,3,"Lastname_746, Mrs. Firstname",female,,0,1,TKT97659,14.6,,Q
747,1,3,"Lastname_747, Mr. Firstname",male,30.5,1,1,TKT19428,39.39,,S
748,0,3,"Lastname_748, Mrs. Firstname",female,10.5,0,0,TKT34288,25.22,,S
749,0,3,"Lastname_749, Mr. Firstname",male,54.0,1,0,TKT13811,5.0,A20,Q
750,1,3,"Lastname_750, Mrs. Firstname",female,,0,0,TKT25402,6.64,,S
751,0,3,"Lastname_751, Mr. Firstname",male,38.9,0,3,TKT52213,34.52,,S
752,0,3,"Lastname_752, Mr. Firstname",male,,0,0,TKT54297,30.42,,S
753,0,3,"Lastname_753, Mr. Firstname",male,,0,0,TKT97329,23.84,,S
754,0,2,"Lastname_754, Mr. Firstname",male,10.1,1,0,TKT72982,19.82,,Q
755,1,3,"Lastname_755, Mr. Firstname",male,8.3,0,0,TKT55891,5.0,,S
756,1,1,"Lastname_756, Mrs. Firstname",female,45.0,1,0,TKT77136,19.31,,S
757,1,2,"Lastname_757, Mr. Firstname",male,24.3,0,3,TKT69220,5.0,B62,S
758,0,3,"Lastname_758, Mrs. Firstname",female,36.8,0,1,TKT42499,,,S
759,1,1,"Lastname_759, Mr. Firstname",male,46.2,0,0,TKT41661,15.4,,S
760,0,3,"Lastname_760, Mr. Firstname",male,11.1,0,2,TKT94511,5.0,E9,S
761,1,3,"Lastname_761, Mrs. Firstname",female,15.6,1,2,TKT62275,74.28,,S
762,1,3,"Lastname_762, Mr. Firstname",male,,1,1,TKT35301,5.0,,S
763,0,3,"Lastname_763, Mr. Firstname",male,,0,0,TKT88766,77.5,,Q
764,0,3,"Lastname_764, Mr. Firstname",male,16.8,0,0,TKT31711,84.68,,S
765,0,1,"Lastname_765, Mr. Firstname",male,,0,0,TKT48174,30.74,,C
766,0,3,"Lastname_766, Mr. Firstname",male,15.3,1,0,TKT92938,92.88,,S
767,0,3,"Lastname_767, Mrs. Firstname",female,33.1,2,0,TKT89386,24.77,B10,C
768,1,1,"Lastname_768, Mr. Firstname",male,46.6,1,0,TKT59451,76.66,,S
769,1,1,"Lastname_769, Mr. Firstname",male,38.6,1,0,TKT97745,11.32,A88,S
770,0,1,"Lastname_770, Mrs. Firstname",female,29.2,0,0,TKT66381,43.67,,S
771,0,3,"Lastname_771, Mr. Firstname",male,,0,0,TKT88798,90.12,,S
772,1,2,"Lastname_772, Mrs. Firstname",female,36.6,0,1,TKT50324,37.87,,S
773,0,3,"Lastname_773, Mr. Firstname",male,35.7,1,0,TKT90171,21.68,C96,S
774,0,3,"Lastname_774, Mr. Firstname",male,34.7,0,0,TKT77156,12.4,,S
775,0,3,"Lastname_775, Mr. Firstname",male,53.4,1,0,TKT84526,28.34,,Q
776,0,1,"Lastname_776, Mr. Firstname",male,,0,0,TKT97725,50.58,,Q
777,1,1,"Lastname_777, Mrs. Firstname",female,30.1,0,0,TKT99049,35.64,,S
778,1,2,"Lastname_778, Mr. Firstname",male,46.1,0,0,TKT89637,5.0,,S
779,1,2,"Lastname_779, Mrs. Firstname",female,14.9,1,0,TKT26442,5.0,,S
780,1,1,"Lastname_780, Mr. Firstname",male,35.5,0,0,TKT88183,104.37,,C
781,1,3,"Lastname_781, Mrs. Firstname",female,19.6,0,1,TKT32218,88.89,,C
782,1,1,"Lastname_782, Mrs. Firstname",female,24.0,0,0,TKT42735,19.74,,C
783,0,3,"Lastname_783, Mr. Firstname",male,32.2,0,2,TKT30773,11.6,,Q
784,0,3,"Lastname_784, Mr. Firstname",male,20.7,0,0,TKT94715,54.74,,S
785,0,1,"Lastname_785, Mr. Firstname",male,23.8,0,0,TKT95834,49.92,,S
786,0,1,"Lastname_786, Mr. Firstname",male,25.2,0,0,TKT37293,30.96,,S
787,0,3,"Lastname_787, Mr. Firstname",male,,2,1,TKT93201,8.37,,S
788,0,3,"Lastname_788, Mr. Firstname",male,,0,0,TKT84638,34.68,B2,S
789,0,3,"Lastname_789, Mr. Firstname",male,,0,2,TKT99363,83.21,,C
790,1,3,"Lastname_790, Mrs. Firstname",female,5.6,0,2,TKT51721,5.0,A83,S
791,0,3,"Lastname_791, Mrs. Firstname",female,63.1,0,1,TKT80258,14.13,,S
792,1,3,"Lastname_792, Mrs. Firstname",female,9.4,1,0,TKT18382,83.63,C83,Q
793,0,1,"Lastname_793, Mrs. Firstname",female,42.3,0,0,TKT68582,36.04,B29,Q
794,1,1,"Lastname_794, Mrs. Firstname",female,34.4,0,0,TKT30373,5.18,,S
795,1,1,"Lastname_795, Mr. Firstname",male,,2,1,TKT61534,9.6,,S
796,1,1,"Lastname_796, Mrs. Firstname",female,62.2,0,1,TKT61782,5.0,,S
797,1,1,"Lastname_797, Mrs. Firstname",female,31.4,0,2,TKT72398,14.7,,S
798,0,3,"Lastname_798, Mr. Firstname",male,1.0,0,0,TKT17883,15.92,,C
799,1,1,"Lastname_799, Mr. Firstname",male,1.4,1,0,TKT20908,145.3,,S
800,0,3,"Lastname_800, Mr. Firstname",male,25.2,0,0,TKT92911,7.52,,S
801,0,3,"Lastname_801, Mr. Firstname",male,27.9,0,1,TKT16402,32.84,,C
802,1,3,"Lastname_802, Mrs. Firstname",female,36.0,0,0,TKT35654,34.58,,S
803,1,3,"Lastname_803, Mr. Firstname",male,42.8,0,0,TKT57958,14.68,E29,S
804,1,2,"Lastname_804, Mrs. Firstname",female,24.2,0,0,TKT25657,5.0,B88,S
805,0,3,"Lastname_805, Mr. Firstname",male,,1,2,TKT89865,50.8,,S
806,0,3,"Lastname_806, Mr. Firstname",male,,0,0,TKT63533,26.94,,Q
807,1,3,"Lastname_807, Mrs. Firstname",female,29.4,0,2,TKT38432,198.27,,S
808,0,1,"Lastname_808, Mr. Firstname",male,27.1,0,0,TKT16940,5.0,,S
809,0,3,"Lastname_809, Mr. Firstname",male,44.3,0,0,TKT10511,19.8,,S
810,0,2,"Lastname_810, Mr. Firstname",male,11.0,0,0,TKT27408,14.34,A81,C
811,1,2,"Lastname_811, Mrs. Firstname",female,23.5,0,0,TKT62236,9.24,,S
812,0,1,"Lastname_812, Mr. Firstname",male,,0,0,TKT27084,10.59,,S
813,1,3,"Lastname_813, Mr. Firstname",male,27.5,1,0,TKT40632,12.24,C77,S
814,0,2,"Lastname_814, Mr. Firstname",male,,0,0,TKT76404,33.15,A8,Q
815,1,3,"Lastname_815, Mrs. Firstname",female,15.4,2,0,TKT46368,27.69,,S
816,0,3,"Lastname_816, Mr. Firstname",male,62.2,0,1,TKT30239,41.87,,S
817,0,2,"Lastname_817, Mr. Firstname",male,43.5,2,2,TKT55511,5.01,,S
818,0,1,"Lastname_818, Mr. Firstname",male,25.4,2,0,TKT48349,5.0,,S
819,0,3,"Lastname_819, Mr. Firstname",male,40.4,2,0,TKT10594,43.64,D66,S
820,0,3,"Lastname_820, Mr. Firstname",male,20.5,0,0,TKT45571,126.56,,S
821,1,1,"Lastname_821, Mrs. Firstname",female,24.2,3,0,TKT48921,57.62,,S
822,0,1,"Lastname_822, Mr. Firstname",male,,0,0,TKT44592,11.66,,S
823,0,3,"Lastname_823, Mr. Firstname",male,,0,0,TKT25329,20.64,D82,Q
824,0,2,"Lastname_824, Mrs. Firstname",female,,0,0,TKT95078,102.82,C89,C
825,1,1,"Lastname_825, Mr. Firstname",male,4.4,1,0,TKT60697,5.0,,Q
826,1,1,"Lastname_826, Mrs. Firstname",female,,0,3,TKT98078,18.16,,Q
827,0,3,"Lastname_827, Mr. Firstname",male,24.8,0,1,TKT97346,21.08,,C
828,0,2,"Lastname_828, Mr. Firstname",male,13.0,0,1,TKT17169,36.09,B33,S
829,0,3,"Lastname_829, Mr. Firstname",male,12.6,1,1,TKT26829,87.86,,C
830,1,1,"Lastname_830, Mrs. Firstname",female,24.3,1,2,TKT25782,5.0,,S
831,1,3,"Lastname_831, Mrs. Firstname",female,28.5,0,0,TKT65919,92.84,,S
832,1,3,"Lastname_832, Mr. Firstname",male,49.7,1,0,TKT87865,60.41,,S
833,1,1,"Lastname_833, Mr. Firstname",male,33.3,0,0,TKT55986,10.81,,Q
834,1,1,"Lastname_834, Mr. Firstname",male,24.0,1,0,TKT89118,34.88,E24,S
835,1,2,"Lastname_835, Mrs. Firstname",female,,0,0,TKT48130,15.56,,S
836,1,1,"Lastname_836, Mr. Firstname",male,50.6,1,0,TKT29423,7.4,,Q
837,1,1,"Lastname_837, Mr. Firstname",male,,0,0,TKT48135,45.74,,S
838,0,3,"Lastname_838, Mr. Firstname",male,27.8,0,0,TKT23690,21.03,C74,S
839,0,2,"Lastname_839, Mr. Firstname",male,39.0,0,0,TKT32440,5.91,,C
840,1,1,"Lastname_840, Mr. Firstname",male,29.7,1,2,TKT66333,5.0,,S
841,1,1,"Lastname_841, Mr. Firstname",male,,1,0,TKT78843,44.18,,S
842,0,3,"Lastname_842, Mr. Firstname",male,45.4,1,1,TKT54361,5.0,C27,S
843,1,2,"Lastname_843, Mr. Firstname",male,36.6,0,0,TKT23281,62.07,,S
844,1,3,"Lastname_844, Mrs. Firstname",female,,1,1,TKT14257,5.0,,S
845,0,3,"Lastname_845, Mr. Firstname",male,38.1,0,1,TKT43959,57.35,,S
846,0,1,"Lastname_846, Mr. Firstname",male,,0,0,TKT35909,24.39,,S
847,1,3,"Lastname_847, Mrs. Firstname",female,,0,0,TKT19039,18.08,,C
848,0,1,"Lastname_848, Mr. Firstname",male,31.0,3,0,TKT79211,5.0,,S
849,1,3,"Lastname_849, Mr. Firstname",male,43.0,0,0,TKT92025,59.92,,S
850,1,3,"Lastname_850, Mrs. Firstname",female,42.6,0,0,TKT14474,35.21,,S
851,1,2,"Lastname_851, Mrs. Firstname",female,55.1,0,0,TKT71196,47.49,E38,S
852,0,2,"Lastname_852, Mr. Firstname",male,1.1,0,0,TKT71248,19.37,B74,S
853,0,3,"Lastname_853, Mr. Firstname",male,33.1,0,0,TKT19907,14.35,C63,Q
854,0,3,"Lastname_854, Mr. Firstname",male,18.0,0,1,TKT56339,45.42,,S
855,1,3,"Lastname_855, Mrs. Firstname",female,45.1,0,0,TKT44984,5.0,C15,S
856,1,1,"Lastname_856, Mr. Firstname",male,,1,0,TKT31302,8.94,,S
857,0,3,"Lastname_857, Mr. Firstname",male,9.8,1,0,TKT20965,34.81,,S
858,1,1,"Lastname_858, Mr. Firstname",male,1.0,1,0,TKT47117,68.9,B91,S
859,1,3,"Lastname_859, Mr. Firstname",male,,0,0,TKT81011,8.73,A24,S
860,1,3,"Lastname_860, Mrs. Firstname",female,24.0,2,0,TKT99716,6.66,,S
861,1,1,"Lastname_861, Mrs. Firstname",female,33.0,0,0,TKT41147,14.29,E87,S
862,0,3,"Lastname_862, Mr. Firstname",male,33.0,1,0,TKT31148,12.38,D17,C
863,1,3,"Lastname_863, Mrs. Firstname",female,2.1,2,0,TKT43542,16.98,,C
864,1,1,"Lastname_864, Mrs. Firstname",female,50.2,2,0,TKT91257,33.99,,S
865,0,3,"Lastname_865, Mr. Firstname",male,40.6,0,0,TKT13051,5.0,B38,S
866,1,2,"Lastname_866, Mr. Firstname",male,24.9,0,0,TKT85842,11.84,A37,C
867,0,3,"Lastname_867, Mr. Firstname",male,37.5,1,0,TKT33398,30.17,A74,S
868,1,3,"Lastname_868, Mrs. Firstname",female,13.1,0,0,TKT97408,8.21,,S
869,0,2,"Lastname_869, Mr. Firstname",male,23.8,0,2,TKT29728,16.58,,S
870,0,1,"Lastname_870, Mr. Firstname",male,,0,0,TKT87714,26.72,,S
871,0,2,"Lastname_871, Mr. Firstname",male,,0,0,TKT18291,37.17,,Q
872,0,2,"Lastname_872, Mrs. Firstname",female,25.0,0,0,TKT19047,51.83,C75,S
873,0,3,"Lastname_873, Mr. Firstname",male,54.7,1,0,TKT74320,12.24,,S
874,0,3,"Lastname_874, Mr. Firstname",male,54.9,0,1,TKT71040,7.51,,S
875,1,2,"Lastname_875, Mrs. Firstname",female,20.0,1,1,TKT49044,28.05,,C
876,0,2,"Lastname_876, Mr. Firstname",male,,0,0,TKT31383,30.52,,S
877,0,3,"Lastname_877, Mrs. Firstname",female,65.3,1,2,TKT91136,32.62,,S
878,0,3,"Lastname_878, Mrs. Firstname",female,36.1,1,0,TKT55704,82.5,,S
879,0,3,"Lastname_879, Mr. Firstname",male,38.2,4,3,TKT52949,32.25,,S
880,1,1,"Lastname_880, Mr. Firstname",male,10.2,0,0,TKT57452,5.0,,Q
881,1,1,"Lastname_881, Mr. Firstname",male,38.0,0,2,TKT45200,5.0,,S
882,1,1,"Lastname_882, Mrs. Firstname",female,63.1,0,0,TKT54258,5.0,,C
883,1,1,"Lastname_883, Mrs. Firstname",female,23.8,0,0,TKT10663,82.48,E63,S
884,1,3,"Lastname_884, Mrs. Firstname",female,28.1,0,0,TKT92018,33.2,,C
885,0,3,"Lastname_885, Mr. Firstname",male,42.1,3,0,TKT17141,21.93,,Q
886,1,3,"Lastname_886, Mr. Firstname",male,33.7,2,0,TKT42322,40.7,B46,S
887,0,2,"Lastname_887, Mr. Firstname",male,27.6,1,0,TKT11783,5.0,,S
888,1,3,"Lastname_888, Mrs. Firstname",female,,0,0,TKT59393,13.35,,S
889,0,3,"Lastname_889, Mrs. Firstname",female,17.9,0,1,TKT27422,47.54,B20,S
890,1,1,"Lastname_890, Mrs. Firstname",female,12.8,1,2,TKT38357,60.6,,Q
891,0,3,"Lastname_891, Mrs. Firstname",female,39.9,0,0,TKT36520,7.37,D48,S
